frame_000053.png,frame_000202.png,917594
frame_000207.png,frame_000229.png,313388
frame_000233.png,frame_000244.png,193049
frame_000252.png,frame_000342.png,1419879
frame_000346.png,frame_000374.png,466761
frame_000387.png,frame_000402.png,495838
frame_000406.png,frame_000745.png,1523417
frame_000771.png,frame_000824.png,699303
frame_000826.png,frame_000854.png,29159
frame_000915.png,frame_000963.png,536006
frame_000976.png,frame_001094.png,830898
frame_001100.png,frame_001139.png,481655
frame_001144.png,frame_001158.png,188813
frame_001161.png,frame_001202.png,663506
frame_001225.png,frame_001238.png,345552
frame_001243.png,frame_001289.png,1225158
frame_001386.png,frame_001414.png,16898
frame_001658.png,frame_001690.png,20581
frame_001834.png,frame_001881.png,82656
frame_001959.png,frame_002240.png,480711
frame_002245.png,frame_002441.png,103970
frame_002446.png,frame_005562.png,5886
frame_009034.png,frame_012347.png,1057
frame_049379.png,frame_049425.png,250
frame_049430.png,frame_115206.png,52245
frame_115208.png,frame_115450.png,2814
frame_115639.png,frame_115980.png,5134
frame_115985.png,frame_116002.png,203
frame_116261.png,frame_116288.png,277
frame_116311.png,frame_116424.png,1526
frame_116427.png,frame_116609.png,2309
frame_116612.png,frame_116666.png,610
frame_116674.png,frame_116732.png,632
frame_116739.png,frame_117009.png,517
frame_117011.png,frame_117028.png,190
frame_117032.png,frame_117095.png,695
frame_117097.png,frame_117609.png,7778
frame_117611.png,frame_117631.png,149
frame_117636.png,frame_117721.png,268
frame_117723.png,frame_118628.png,5487
frame_118630.png,frame_118871.png,457
frame_118876.png,frame_119096.png,2205
frame_121188.png,frame_122336.png,17301
frame_122338.png,frame_122438.png,698
frame_122446.png,frame_122662.png,1448
frame_122664.png,frame_122688.png,288
frame_122702.png,frame_122714.png,135
frame_122719.png,frame_123414.png,5975
frame_123428.png,frame_124477.png,6893
frame_124484.png,frame_124690.png,307
frame_124693.png,frame_124791.png,1172
frame_124794.png,frame_124808.png,160
frame_124810.png,frame_125523.png,9772
frame_125525.png,frame_125662.png,406
frame_125664.png,frame_125674.png,113
frame_125679.png,frame_125792.png,746
frame_125799.png,frame_126222.png,5746
frame_126227.png,frame_126947.png,1353
frame_126949.png,frame_128472.png,15665
frame_128475.png,frame_128553.png,842
frame_128556.png,frame_128574.png,193
frame_128577.png,frame_128973.png,6463
frame_128983.png,frame_129543.png,567
frame_129747.png,frame_129811.png,788
frame_129813.png,frame_129860.png,564
frame_129862.png,frame_130909.png,441
frame_130912.png,frame_130941.png,312
frame_130943.png,frame_131044.png,1101
frame_131046.png,frame_132087.png,961
frame_132089.png,frame_132339.png,662
frame_132343.png,frame_132373.png,263
frame_132375.png,frame_132387.png,138
frame_132400.png,frame_132667.png,3500
frame_132671.png,frame_134021.png,22050
frame_134605.png,frame_134615.png,134
frame_134617.png,frame_135747.png,426
frame_135750.png,frame_136318.png,479
frame_136323.png,frame_136488.png,860
frame_136490.png,frame_137345.png,10812
frame_137347.png,frame_137631.png,2427
frame_137635.png,frame_138703.png,15025
frame_138706.png,frame_138805.png,410
frame_138807.png,frame_139302.png,7690
frame_139304.png,frame_141114.png,24652
frame_141129.png,frame_143528.png,82198
frame_143535.png,frame_143672.png,34556
frame_143717.png,frame_143737.png,290951
frame_143741.png,frame_157275.png,199985
