frame_000208.png,frame_000257.png,154988
frame_000309.png,frame_000427.png,238653
frame_000449.png,frame_001058.png,429670
frame_001061.png,frame_001163.png,1621078
frame_001165.png,frame_001194.png,620314
frame_001512.png,frame_001522.png,322446
frame_001529.png,frame_001613.png,2097653
frame_001654.png,frame_001703.png,451907
frame_001717.png,frame_001971.png,710383
frame_001993.png,frame_002067.png,90168
frame_002101.png,frame_002235.png,1435517
frame_002237.png,frame_002269.png,735854
frame_002272.png,frame_002336.png,455257
frame_002395.png,frame_002415.png,810130
frame_002424.png,frame_002450.png,1063296
frame_002464.png,frame_002485.png,627981
frame_002542.png,frame_002553.png,149139
frame_002859.png,frame_002933.png,27550
frame_002936.png,frame_003326.png,19977
frame_036407.png,frame_036431.png,6423
frame_036449.png,frame_036480.png,15097
frame_039359.png,frame_039373.png,3304
frame_039389.png,frame_039401.png,2156
frame_039430.png,frame_039486.png,16399
frame_039490.png,frame_039512.png,13231
frame_039533.png,frame_039547.png,2106
frame_039582.png,frame_039593.png,2261
frame_039608.png,frame_039648.png,17701
frame_040072.png,frame_040099.png,14292
frame_040128.png,frame_040154.png,9409
frame_040272.png,frame_040296.png,10149
frame_040605.png,frame_040634.png,151452
frame_040687.png,frame_040719.png,191907
frame_041513.png,frame_041533.png,9352
frame_042946.png,frame_042978.png,22691
frame_043102.png,frame_043116.png,1903
frame_044286.png,frame_044298.png,2099
frame_044332.png,frame_044734.png,23779
frame_046121.png,frame_046139.png,4829
frame_065309.png,frame_071418.png,5701
frame_083868.png,frame_089018.png,12162
frame_089020.png,frame_089031.png,2795
frame_094180.png,frame_094198.png,4860
frame_094209.png,frame_094222.png,2719
frame_094312.png,frame_094336.png,7334
frame_099797.png,frame_099807.png,1949
frame_099829.png,frame_099842.png,3522
frame_100538.png,frame_100573.png,10534
frame_100698.png,frame_100711.png,3658
frame_101035.png,frame_101050.png,11150
frame_101544.png,frame_101589.png,23402
frame_101592.png,frame_101722.png,3287
frame_101826.png,frame_101851.png,10325
frame_101966.png,frame_101978.png,2281
frame_105448.png,frame_105471.png,5120
frame_107691.png,frame_114324.png,7176
frame_114331.png,frame_114369.png,15485
frame_115735.png,frame_115745.png,7757
frame_115754.png,frame_115765.png,6415
frame_116026.png,frame_116041.png,2179
frame_116257.png,frame_116285.png,6890
frame_119114.png,frame_119126.png,6282
frame_123892.png,frame_123914.png,15148
frame_136981.png,frame_136991.png,6979
frame_156783.png,frame_156802.png,10983
frame_156871.png,frame_156883.png,5896
frame_171096.png,frame_171258.png,14589
frame_171266.png,frame_172903.png,86558
frame_172905.png,frame_173819.png,1020959
frame_173821.png,frame_174295.png,1061510
frame_174298.png,frame_174386.png,160479
