frame_000000.png,frame_000078.png,15973
frame_000086.png,frame_006076.png,2482
frame_010709.png,frame_010734.png,1010
frame_014341.png,frame_014779.png,9351
frame_014807.png,frame_015634.png,95204
frame_015636.png,frame_016034.png,49901
frame_016036.png,frame_016278.png,364
frame_016281.png,frame_016981.png,164219
frame_017204.png,frame_017237.png,446
frame_017671.png,frame_017843.png,3205
frame_017858.png,frame_017876.png,198
frame_017879.png,frame_017897.png,190
frame_018341.png,frame_018358.png,160
frame_018363.png,frame_018381.png,153
frame_018597.png,frame_019611.png,57635
frame_019616.png,frame_019830.png,920
frame_019834.png,frame_020448.png,2426
frame_020664.png,frame_020714.png,381
frame_020716.png,frame_020751.png,335
frame_020758.png,frame_020798.png,3020
frame_020831.png,frame_021085.png,20128
frame_021684.png,frame_021739.png,602
frame_021741.png,frame_023274.png,65877
frame_023279.png,frame_023529.png,2362
frame_023534.png,frame_023792.png,146
frame_023794.png,frame_023807.png,154
frame_023810.png,frame_024343.png,7765
frame_024346.png,frame_025487.png,38842
frame_025489.png,frame_025506.png,213
frame_025512.png,frame_025622.png,1291
frame_025625.png,frame_025906.png,1519
frame_025912.png,frame_025926.png,148
frame_025928.png,frame_026235.png,3454
frame_026237.png,frame_028379.png,611370
frame_028589.png,frame_028665.png,58738
frame_028669.png,frame_029135.png,130124
frame_029137.png,frame_029312.png,134130
frame_029629.png,frame_029672.png,551
frame_029674.png,frame_030110.png,59708
frame_030117.png,frame_032662.png,2399
frame_032768.png,frame_032878.png,2120
frame_032882.png,frame_033628.png,23065
frame_033631.png,frame_033797.png,329
frame_036532.png,frame_036560.png,1145
frame_042548.png,frame_043605.png,11988
frame_043608.png,frame_043624.png,247
frame_043626.png,frame_044280.png,84534
frame_044311.png,frame_044502.png,131453
frame_044638.png,frame_044752.png,40434
frame_045815.png,frame_045850.png,258
frame_045852.png,frame_045871.png,434
frame_045873.png,frame_046469.png,175974
frame_046472.png,frame_052449.png,2054
frame_052899.png,frame_052939.png,558
frame_052941.png,frame_053137.png,2117
frame_053518.png,frame_053630.png,4745
frame_053632.png,frame_053927.png,15111
frame_053933.png,frame_054078.png,2128
frame_054275.png,frame_054656.png,50657
frame_054658.png,frame_054671.png,159
frame_054673.png,frame_054717.png,274
frame_054723.png,frame_055355.png,7304
frame_059255.png,frame_059315.png,5129
frame_060347.png,frame_060932.png,254671
frame_060934.png,frame_061480.png,79033
frame_062369.png,frame_063065.png,310811
frame_063068.png,frame_064316.png,713809
frame_064319.png,frame_064409.png,73045
frame_064697.png,frame_065260.png,122924
frame_065669.png,frame_066042.png,25473
frame_066044.png,frame_076213.png,2337
frame_076348.png,frame_076554.png,8204
frame_076559.png,frame_077644.png,10404
frame_077648.png,frame_079755.png,479
frame_080014.png,frame_080032.png,199
frame_080351.png,frame_081253.png,464998
frame_081255.png,frame_082609.png,281767
frame_082613.png,frame_082798.png,1664
frame_082839.png,frame_082866.png,249
frame_082868.png,frame_082964.png,1380
frame_082966.png,frame_084596.png,59750
frame_084598.png,frame_084640.png,416
frame_084643.png,frame_084667.png,233
frame_084670.png,frame_084759.png,1169
frame_084770.png,frame_084881.png,1023
frame_084883.png,frame_085043.png,678
frame_085046.png,frame_085167.png,1158
frame_085171.png,frame_085303.png,371
frame_085316.png,frame_085649.png,4408
frame_085788.png,frame_085810.png,1029
frame_085895.png,frame_085934.png,325
frame_085936.png,frame_086679.png,269
frame_086684.png,frame_086721.png,2483
frame_087791.png,frame_087905.png,4306
frame_087907.png,frame_088415.png,2775
frame_095554.png,frame_095579.png,816
frame_095605.png,frame_095629.png,966
frame_095676.png,frame_095708.png,1133
frame_096098.png,frame_096143.png,3504
frame_098003.png,frame_098033.png,1563
frame_099293.png,frame_099392.png,2586
frame_104278.png,frame_104308.png,1081
frame_105306.png,frame_105340.png,1765
frame_113051.png,frame_113178.png,13105
frame_113656.png,frame_113694.png,1921
frame_117685.png,frame_117727.png,1459
frame_121357.png,frame_121383.png,683
frame_121518.png,frame_121562.png,2787
frame_122587.png,frame_122627.png,1388
frame_124387.png,frame_124415.png,1387
frame_124998.png,frame_125038.png,1698
frame_125704.png,frame_125756.png,2410
frame_125824.png,frame_125840.png,460
frame_125842.png,frame_126014.png,3100
frame_141391.png,frame_141422.png,1599
frame_142459.png,frame_142493.png,1268
frame_142496.png,frame_142521.png,1485
frame_142584.png,frame_142626.png,2019
frame_143122.png,frame_143163.png,1192
frame_151716.png,frame_151742.png,1505
frame_152747.png,frame_152797.png,2866
frame_153986.png,frame_154030.png,2214
frame_196415.png,frame_198312.png,1862774
frame_198317.png,frame_200455.png,12970
frame_200467.png,frame_200477.png,178
frame_200480.png,frame_201858.png,713890
frame_201861.png,frame_204878.png,921878
frame_204880.png,frame_206585.png,970151
frame_206587.png,frame_206882.png,172
frame_206886.png,frame_206900.png,232
frame_206904.png,frame_207523.png,41584
frame_207537.png,frame_208238.png,979
frame_208241.png,frame_208379.png,1949
frame_208668.png,frame_208725.png,187
frame_208727.png,frame_209122.png,744
frame_209124.png,frame_209149.png,311
frame_209171.png,frame_209434.png,1331
frame_209436.png,frame_209565.png,3130
frame_209567.png,frame_209592.png,363
frame_209597.png,frame_209712.png,1899
frame_209716.png,frame_209726.png,166
frame_209729.png,frame_209870.png,1067
frame_209896.png,frame_212252.png,536
frame_212259.png,frame_212312.png,4984
